Title,Genre,Ratings,Voting_counts,Duration
Mufasa: The Lion King,Animation,6.6, (63K),1h 58m
Moana 2,Animation,6.6, (102K),1h 40m
Flow,Animation,7.9, (74K),1h 25m
Paddington in Peru,Animation,6.7, (21K),1h 46m
The Wild Robot,Animation,8.2, (163K),1h 42m
Transformers One,Animation,7.6, (51K),1h 44m
Despicable Me 4,Animation,6.2, (65K),1h 34m
The Day the Earth Blew Up: A Looney Tunes Movie,Animation,7.0, (4.2K),1h 31m
Inside Out 2,Animation,7.5, (216K),1h 36m
The Lord of the Rings: The War of the Rohirrim,Animation,6.3, (30K),2h 14m
IF,Animation,6.4, (58K),1h 44m
Solo Leveling: ReAwakening,Animation,8.7, (12K),2h 1m
Kung Fu Panda 4,Animation,6.3, (68K),1h 34m
Memoir of a Snail,Animation,7.8, (17K),1h 35m
The Garfield Movie,Animation,5.7, (24K),1h 41m
Harold and the Purple Crayon,Animation,5.7, (8.4K),1h 30m
Attack on Titan the Movie: The Last Attack,Animation,9.2, (16K),2h 25m
Watchmen: Chapter I,Animation,7.1, (6.6K),1h 23m
Wallace & Gromit: Vengeance Most Fowl,Animation,7.5, (34K),1h 22m
Spellbound,Animation,5.5, (7.4K),1h 49m
Night of the Zoopocalypse,Animation,6.0, (661),1h 31m
Spermageddon,Animation,5.8, (816),1h 20m
Look Back,Animation,7.8, (15K),58m
Hitpig,Animation,5.1, (943),1h 26m
Piece by Piece,Animation,6.9, (5.4K),1h 33m
Watchmen: Chapter II,Animation,7.0, (3.1K),1h 30m
Thelma the Unicorn,Animation,5.7, (2.9K),1h 33m
Buffalo Kids,Animation,6.6, (695),1h 33m
The Most Precious of Cargoes,Animation,7.1, (988),1h 21m
Megamind vs. The Doom Syndicate,Animation,2.5, (5.6K),1h 23m
Orion and the Dark,Animation,6.3, (17K),1h 33m
The Remarkable Life of Ibelin,Animation,8.2, (12K),1h 43m
Justice League: Crisis on Infinite Earths - Part One,Animation,6.2, (8.5K),1h 33m
Justice League: Crisis on Infinite Earths - Part Three,Animation,6.1, (4.5K),1h 34m
My Hero Academia: You're Next,Animation,7.0, (2.2K),1h 50m
That Christmas,Animation,6.8, (17K),1h 31m
Ultraman: Rising,Animation,6.9, (6.4K),1h 57m
Demon Slayer: Kimetsu No Yaiba - To the Hashira Training,Animation,7.1, (8.5K),1h 44m
The Glassworker,Animation,7.3, (1.7K),1h 38m
Dan Da Dan: First Encounter,Animation,8.2, (2.7K),1h 23m
Woody Woodpecker Goes to Camp,Animation,4.5, (2.6K),1h 40m
Grand Theft Hamlet,Animation,6.9, (1.9K),1h 29m
Saving Bikini Bottom: The Sandy Cheeks Movie,Animation,3.7, (3.9K),1h 22m
10 Lives,Animation,5.9, (1.9K),1h 28m
Doraemon the Movie: Nobita's Earth Symphony,Animation,6.6, (1.5K),1h 55m
Dragonkeeper,Animation,5.7, (1.7K),1h 38m
Limonov: The Ballad of Eddie,Animation,6.0, (798),2h 18m
The Colors Within,Animation,7.1, (971),1h 41m
Mars,Animation,7.9, (23),1h 24m
Justice League: Crisis on Infinite Earths - Part Two,Animation,5.5, (5.3K),1h 34m
200% Wolf,Animation,5.9, (1.3K),1h 38m
Johnny Puff: Secret Mission,Animation,4.8, (453),1h 27m
Bloody Escape: Bats out of Hell,Animation,5.6, (48),1h 40m
The Tiger's Apprentice,Animation,5.7, (2.2K),1h 24m
Overlord: The Sacred Kingdom,Animation,6.9, (991),2h 15m
Haikyu!! The Dumpster Battle,Animation,7.7, (6.2K),1h 25m
Panda Bear in Africa,Animation,5.5, (347),1h 24m
Crayon Shin-chan: Ora's Dinosaur Diary,Animation,6.4, (358),1h 46m
Blue Lock: Episode Nagi,Animation,6.6, (2.5K),1h 31m
Super-Charlie,Animation,5.8, (122),1h 20m
A Sloth Story,Animation,5.6, (206),1h 30m
Lesbian Space Princess,Animation,7.2, (137),1h 27m
Rebellious,Animation,6.0, (195),1h 34m
Ryan's World the Movie: Titan Universe Adventure,Animation,1.8, (692),1h 20m
The Night Before Christmas in Wonderland,Animation,6.3, (518),1h 20m
Given 3: To the Sea,Animation,8.8, (64),1h 20m
Elli and the Ghostly Ghost Train,Animation,5.1, (101),1h 26m
Re: Zero - Starting Life in Another World- Season 3 Episode 1 90-minute Special 'Theatrical Malice',Animation,8.8, (1.2K),1h 30m
Frida,Animation,7.5, (1.5K),1h 27m
Sanatorium Under the Sign of the Hourglass,Animation,5.4, (117),1h 15m
Noah's Ark,Animation,4.3, (662),1h 36m
Savages,Animation,6.8, (343),1h 27m
Dongeng Sang Kancil,Animation,6.7, (173),1h 39m
Gracie and Pedro: Pets to the Rescue,Animation,5.1, (276),1h 27m
The Quintessential Quintuplets Specials 2,Animation,7.0, (131),46m
Mononoke the Movie: The Phantom in the Rain,Animation,6.8, (1.2K),1h 29m
Big City Greens the Movie: Spacecation,Animation,6.2, (543),1h 23m
White Snake: Afloat,Animation,6.9, (477),2h 13m
Living Large,Animation,7.0, (123),1h 20m
No Time to Spy: A Loud House Movie,Animation,6.4, (450),1h 21m
Movie Given Hiiragi Mix.,Animation,7.5, (177),1h 10m
Kvitebjørn,Animation,5.9, (62),1h 25m
Dalia y el Libro Rojo,Animation,6.4, (92),1h 47m
Bocchi the Rock! Recap Part 1,Animation,7.6, (164),1h 30m
Kid Santa,Animation,N/A,N/A,N/A
Fureru,Animation,6.2, (36),1h 47m
Detective Conan: The Million-Dollar Pentagram,Animation,6.7, (1.5K),1h 51m
"Die Heinzels: Neue Mützen, Neue Mission",Animation,6.4, (91),1h 16m
My Freaky Family,Animation,6.3, (406),1h 26m
Ghost Cat Anzu,Animation,6.5, (774),1h 37m
Out of the Nest,Animation,6.5, (111),1h 24m
From Ground Zero,Animation,7.9, (535),1h 52m
My Oni Girl,Animation,6.0, (1.7K),1h 52m
"Maya, donne-moi un titre",Animation,6.4, (54),1h 1m
Rafadan Tayfa: Kapadokya,Animation,6.6, (119),1h 24m
SuperKlaus,Animation,4.3, (202),1h 28m
Heartsping : Teenieping of Love,Animation,7.1, (24),TV-Y
Where the Robots Grow,Animation,2.6, (515),N/A
Mobile Suit Gundam SEED Freedom,Animation,6.6, (953),2h 4m
Diplodocus,Animation,6.3, (178),1h 30m
Baki Hanma VS Kengan Ashura,Animation,5.7, (1.9K),1h 2m
Hola Frida,Animation,7.1, (30),1h 22m
Kizumonogatari: Koyomi Vamp,Animation,7.0, (90),2h 24m
Si Juki the Movie: Harta Pulau Monyet,Animation,6.0, (119),1h 47m
Cille 2069,Animation,7.1, (93),N/A
Storm Crashers,Animation,6.2, (563),1h 28m
Boys Go to Jupiter,Animation,6.9, (96),1h 30m
The Casagrandes Movie,Animation,5.6, (667),1h 29m
Sabbath Queen,Animation,8.0, (65),1h 45m
STEVE (A Minecraft Movie),Animation,6.9, (12),1h 1m
Fox & Hare Save the Forest,Animation,5.9, (203),1h 11m
Taisu Xilie,Animation,N/A,N/A,1h 40m
The Proud Princess,Animation,6.7, (113),1h 24m
Abá e Sua Banda,Animation,7.0, (10),1h 24m
Angelo dans la forêt mystérieuse,Animation,6.0, (125),1h 21m
Shrek 5: The Contract - A Fan Made Film,Animation,7.0, (19),1h 24m
Jon Vardar protiv Galaksijata,Animation,8.1, (75),1h 26m
The Lost Tiger,Animation,7.9, (45),1h 30m
My Redneck Neighbor: Chapter 2 - Let the Games Begin,Animation,N/A,N/A,55m
Bocchi the Rock! Re: Re:,Animation,7.9, (104),1h 17m
Nintama Rantaro Dokutake Ninja-tai Saikyou no Gunshi,Animation,6.9, (21),1h 30m
(S)KiDS,Animation,8.6, (102),1h 25m
TWST: Things We Said Today,Animation,7.0, (47),1h 26m
Peppa's Cinema Party,Animation,5.0, (155),1h 5m
God with Three Eyes,Animation,6.1, (14),1h 52m
Olivia & the Clouds,Animation,7.2, (52),1h 21m
I Am What I Am 2,Animation,7.5, (206),2h 14m
The Big Trip 3: Race Around the World,Animation,5.6, (59),1h 25m
Zak & Wowo: The Legend of Lendarys,Animation,5.7, (96),1h 25m
Transformers Prime: Galavatron's Revenge,Animation,3.4, (10),1h 44m
Niko: Beyond the Northern Lights,Animation,6.2, (333),1h 26m
Tobias and the Arcane Merchant,Animation,9.0, (43),2h 47m
Schirkoa: In Lies We Trust,Animation,5.6, (158),1h 43m
Luntik. Vozvrashchenie domoy,Animation,6.4, (75),TV-Y
Dragon Ball Z Kai,Animation,8.5, (71),1h 22m
Isla Monstro,Animation,8.6, (8),N/A
Trapezium,Animation,6.3, (152),1h 42m
Little Emma,Animation,5.9, (114),1h 46m
Dead Dead Demon's Dededede Destruction,Animation,7.0, (145),2h
Ivan Tsarevich i Seryy Volk 6,Animation,5.5, (87),N/A
Return,Animation,N/A,N/A,1h 30m
Uma Musume: Pretty Derby - Beginning of a New Era,Animation,7.3, (121),1h 48m
Askepote,Animation,3.5, (83),1h 12m
Captain Avispa,Animation,5.8, (177),1h 36m
Yumi's Cells: The Movie,Animation,6.2, (49),1h 33m
Monkey King: The Beginning,Animation,N/A,N/A,N/A
Mochi-chon,Animation,9.0, (9),N/A
Mariposas Negras,Animation,7.2, (54),1h 23m
Woolina and the No Birds,Animation,8.2, (48),1h 20m
The Storm,Animation,6.0, (139),1h 42m
Fuuto PI: Portrait of Kamen Rider Skull,Animation,7.5, (42),1h 22m
Exorcism Chronicles: The Beginning,Animation,7.1, (99),1h 25m
Mustafa,Animation,6.9, (73),1h 15m
The Summer of Mermaid,Animation,9.1, (97),N/A
Boonie Bears: Time Twist,Animation,6.0, (167),1h 45m
Rock Bottom,Animation,6.9, (43),1h 26m
The Umbrella Fairy,Animation,5.5, (54),1h 35m
Inazuma Eleven Movie: The Legendary Kickoff,Animation,N/A,N/A,N/A
Il segreto di Liberato,Animation,7.3, (218),1h 30m
Tri kota. Zimnie kanikuly,Animation,6.5, (31),1h 5m
Wonderful Precure! The Movie! Doki Doki Game no Sekai de Daiboken,Animation,7.0, (35),1h 11m
Masha i Medved v kino: Park chudes,Animation,7.6, (17),58m
Slocum et moi,Animation,7.3, (73),1h 15m
Dikkie Dik 2: Een Nieuwe Vriend voor Dikkie Dik,Animation,7.4, (72),1h 10m
Quo Vadis,Animation,6.6, (508),1h 30m
The Formula for Water,Animation,4.5, (31),1h 26m
The Worlds Divide,Animation,8.1, (39),2h
Benjamin Bat,Animation,7.9, (30),1h 15m
Transformers: 40th Anniversary Event,Animation,7.3, (29),1h 36m
"Robotia, the Movie",Animation,7.7, (29),1h 26m
Bob a Bobek ve filmu: Na stope Mrkvojeda,Animation,7.5, (27),1h 20m
Bartali's Bicycle,Animation,7.8, (5),1h 20m
DreadClub: Vampire's Verdict,Animation,5.1, (58),N/A
Norbert,Animation,6.6, (12),1h 15m
Motu Patlu & The Race to the Diamond Valley,Animation,7.8, (27),1h 12m
Tri bogatyrya. Ni dnya bez podviga,Animation,5.7, (69),1h 1m
Tay 2: Ebabil Takimi,Animation,5.2, (38),1h 18m
Double Tuckerr,Animation,4.9, (1.2K),2h
Inanimate Insanity II: The Movie,Animation,8.4, (232),1h 46m
Rocky and Bullwinkle,Animation,9.2, (13),1h 40m
PAPmusic - Animation for Fashion,Animation,1.0, (137),1h 25m
A Few Moments of Cheers,Animation,7.1, (39),1h 8m
Uma & Haggen: Mitos,Animation,7.3, (47),1h 34m
Dead Dead Demon's Dededede Destruction Zenpen,Animation,7.1, (140),2h
Dikkie Dik en de Verdwenen Knuffel,Animation,7.3, (130),1h 2m
Teacher's Pet,Animation,5.5, (36),N/A
Lilla spöket Laban spökar igen,Animation,6.2, (27),44m
Kuramerukagari,Animation,5.8, (82),1h 1m
Rocket Club: Across the Cosmos,Animation,8.4, (19),1h 8m
Code Geass: Rozé of the Recapture - Part 1,Animation,7.6, (42),1h 14m
"Silex and the City, le film",Animation,4.9, (50),1h 17m
Dinosaur Empire,Animation,N/A,N/A,N/A
Riki Rhino: The Bird Kingdom,Animation,5.1, (24),1h 49m
Appu,Animation,8.6, (182),1h 32m
Kral Sakir: Devler Uyandi,Animation,5.4, (66),N/A
Nature Cat's Nature Movie Special Extraordinaire,Animation,7.3, (19),53m
Le parfum d'Irak,Animation,8.1, (42),1h 35m
Motu Patlu & The Rise of Zombies,Animation,6.6, (15),1h 14m
Meitantei Conan Bâsasu Kaitô Kiddo,Animation,6.1, (162),1h 21m
Nothing Unusual,Animation,9.7, (12),1h 32m
Mobile Suit Gundam: Silver Phantom,Animation,6.1, (13),1h 30m
Maxxie LaWow: Drag Super-shero,Animation,8.7, (58),1h 54m
The Greatest Surf Movie in the Universe,Animation,5.4, (8),1h 21m
Pui Pui Molcar the Movie: Molmax,Animation,7.0, (9),1h 9m
Peppa Pig: Peppa's Adventures Around the World,Animation,8.0, (7),N/A
Young doctor's notes,Animation,3.5, (6),1h 26m
Nie Xiaoqian,Animation,6.2, (17),1h 52m
Gujeyeog-eseo sal-a dol-aon dwaeji,Animation,5.1, (10),1h 45m
Into the Mortal World,Animation,6.8, (154),1h 58m
Dance with the Finless Promise,Animation,6.6, (19),N/A
Luv You Shankar,Animation,5.8, (44),2h
Animal Tales of Christmas Magic,Animation,6.8, (51),1h 12m
Ya Boy Kongming! Road to Summer Sonia,Animation,7.4, (40),1h 59m
Steal the Naughty List,Animation,6.4, (120),1h 30m
Inazuma Eleven the Movie: Prologue to the New Heroes,Animation,N/A,N/A,N/A
Be Forever Yamato: Rebel 3199: Part 1: Dark Invasion,Animation,7.0, (9),50m
Ganbatte Ikimasshoi,Animation,5.0, (12),N/A
Gintama on Theater 2D: Kintama-hen,Animation,N/A,N/A,1h 37m
Treasure Fellowship,Animation,N/A,N/A,1h 26m
Hello My Beautiful Creatures,Animation,6.8, (170),2h 22m
Ugly Sweater,Animation,7.1, (13),1h 20m
Piril: Sayilarin Gizemi,Animation,9.0, (67),N/A
Zuzubalândia: O Filme,Animation,5.6, (10),1h
The Delegator,Animation,4.2, (17),1h 36m
Iris the Movie: Full Energy!!,Animation,7.3, (8),1h
Sunburnt Unicorn,Animation,7.7, (13),1h 21m
Love Live! Nijigasaki High School Idol Club Final Chapter Part 1,Animation,7.3, (13),59m
Cacophony the Animated Movie,Animation,N/A,N/A,1h 21m
Bizarros Peixes das Fossas Abissais,Animation,8.1, (13),1h 15m
Arne Alligator och djungelkompisarna,Animation,4.6, (48),1h 1m
Life with Quincy 3,Animation,N/A,N/A,1h 13m
Code Geass: Rozé of the Recapture: Part 2,Animation,7.8, (28),1h 16m
La Familia del Barrio: La Película,Animation,4.0, (6),N/A
Day of the Diesels,Animation,7.7, (10),1h 40m
Dante's Divine Comedy,Animation,N/A,N/A,N/A
Max Beyond,Animation,6.6, (17),1h 33m
The Puffins & the Magic Portal,Animation,7.6, (31),N/A
The Ballad of Straw Hat Sam,Animation,9.2, (10),45m
Dinonauts,Animation,N/A,N/A,1h 17m
Penelope & Everly's Holiday Adventure,Animation,N/A,N/A,TV-PG
Be Forever Yamato: Rebel 3199: Part 2: The Assault of the Burning Sun,Animation,N/A,N/A,1h 37m
LUDA,Animation,7.2, (6),1h 26m
Balentes,Animation,N/A,N/A,1h 10m
Pleasant Goat and Big Big Wolf: The World Guardians,Animation,7.2, (13),1h 36m
Shed 17 & Project G-1 the Movie,Animation,N/A,N/A,1h 25m
Gintama the Movie 2D: Courtesan of the Nation Arc,Animation,7.8, (6),1h 49m
The Cheshire Cat,Animation,N/A,N/A,1h 4m
Alex and Mia's Awesome Movie!!,Animation,N/A,N/A,1h 15m
Genjitsu no Yohane -Sunshine in the Mirror- Movie,Animation,N/A,N/A,1h 29m
Astra,Animation,6.8, (8),1h 20m
Spider-Man: Blue,Animation,5.9, (12),N/A
Jin Ling Yu Mao,Animation,N/A,N/A,1h 37m
Nasreddin Hoca: Zaman Yolcusu - Kadim Medeniyetler,Animation,7.7, (12),1h 18m
Code Geass: Rozé of the Recapture: Part 3,Animation,7.4, (25),1h 16m
Thanksgiving in Wonderland,Animation,N/A,N/A,1h 5m
COPS VS WHORES,Animation,N/A,N/A,57m
Apocalypse Love,Animation,N/A,N/A,N/A
Bigfoot in Wonderland,Animation,N/A,N/A,1h 1m
Our Crazy Love,Animation,N/A,N/A,1h 26m
Velký Pán,Animation,7.0, (8),1h 13m
Becho,Animation,7.2, (10),N/A
Elif ve Arkadaslari 2: Perisler,Animation,N/A,N/A,N/A
Terra Incognita 1901,Animation,9.2, (14),1h 18m
Zegapain STA,Animation,N/A,N/A,1h 30m
"Hey, Tete",Animation,6.4, (9),2h 31m
2054: The Wreckoning,Animation,N/A,N/A,1h
Nefertiti the Queen of Hearts,Animation,N/A,N/A,1h 29m
The Fifth Element,Animation,N/A,N/A,N/A
Papercuts - My Life as an Indie Animator,Animation,N/A,N/A,1h 27m
Sinoalice: The Very Last Story,Animation,N/A,N/A,1h 14m
Happy Little Submarine: 80 Days Around the Earth,Animation,N/A,N/A,1h 20m
Ninja Doomscrolling,Animation,8.1, (102),1h 36m
Marvel's Civil War Full Comic Dub Movie,Animation,N/A,N/A,1h 15m
Crazy Train,Animation,N/A,N/A,1h 35m
Bread Barbershop: Celeb in Bakery Town,Animation,N/A,N/A,1h 17m
Ekip: Siberay - Günes Firtinasi,Animation,6.0, (14),1h 12m
Tied Up,Animation,N/A,N/A,N/A
Love and Friendship,Animation,N/A,N/A,57m
Ba Jie,Animation,N/A,N/A,N/A
Kittened,Animation,N/A,N/A,N/A
Imam Hussein the Majestic Sacrifice,Animation,N/A,N/A,N/A
Isle: Alpha One,Animation,8.4, (7),1h 37m
Skazochnyy patrul. Shou prodolzhayetsya,Animation,7.2, (11),1h 5m
Bogyó és Babóca 6. - Csengettyuk,Animation,7.8, (13),N/A
The Littlest Angel 2: Lily Has a Secret,Animation,N/A,N/A,1h 24m
The Car Acrobatic Team Saga,Animation,7.2, (11),1h 52m
Turbozavry. God drakona,Animation,9.2, (43),48m
Magic Birds: I magiki pagida,Animation,N/A,N/A,1h 40m
Pikmin Forever,Animation,N/A,N/A,N/A
Kek 2,Animation,N/A,N/A,1h 38m
2475 Dawn of Revolution,Animation,6.3, (152),2h 7m
Little Richard the Shark,Animation,N/A,N/A,N/A
Black Butterflies,Animation,N/A,N/A,N/A
Diego of the Dead 2,Animation,N/A,N/A,1h
Adventures of Mickey Sherlock Mouse & Winnie the Pooh,Animation,4.9, (11),N/A
Kaptan Pengu ve Arkadaslari 4: Buzuldaki Sir,Animation,5.4, (13),N/A
Bear Kid: Super Hero,Animation,N/A,N/A,1h 20m
Let's Go! Anpanman: Baikinman and Lulun,Animation,6.5, (7),1h 4m
Memory Hotel,Animation,N/A,N/A,1h 40m
Rabbits Kingdom the Movie,Animation,N/A,N/A,1h 34m
Apperception,Animation,N/A,N/A,1h 2m
Code Geass: Rozé of the Recapture: Part 4,Animation,6.6, (15),1h 10m
Let Them Breathe: City on the Ocean,Animation,N/A,N/A,1h 52m
Broken Glass,Animation,N/A,N/A,Not Rated
The Monkey King Conquers Monsters,Animation,N/A,N/A,1h 30m
Gill,Animation,N/A,N/A,1h 44m
Naani Krissh's Jai Shree Ram,Animation,N/A,N/A,N/A
Unhappy 25 Years Little Brat,Animation,N/A,N/A,13+
Sufunkan no Yell o,Animation,7.0, (6),N/A
Eiga Oshiri Tantei Saraba Itoshiki Aibô (Oshiri) yo,Animation,N/A,N/A,1h 11m
Fleischer Cartoons: The Art & Inventions of Max Fleischer,Animation,N/A,N/A,1h 2m
The Guardians: The Chosen Ones,Animation,N/A,N/A,N/A
"Minsky, the little helper robot",Animation,N/A,N/A,6m
The Elf Who Saved Christmas,Animation,N/A,N/A,1h 2m
World of Sathvik and his friends : The Cursed Pumpkin,Animation,N/A,N/A,48m
Golmaal Jr: Humshakals Ka Golmaal,Animation,N/A,N/A,46m
Bie ba zuo wen dang hui shi er,Animation,7.2, (11),1h 29m
Happylittle Submarine: The Adventure with Dragon,Animation,N/A,N/A,N/A
Psycho City: The Movie,Animation,N/A,N/A,1h 57m
Ramayan the Hero's Path,Animation,N/A,N/A,N/A
King of Prism: Dramatic Prism 1,Animation,N/A,N/A,1h
Mult v kino. Vypusk # 167: Fokus-pokus,Animation,N/A,N/A,51m
The Redemption of Zack & Heather (Remastered),Animation,N/A,N/A,13+
Skullmaster: The Warrior of Havoc,Animation,N/A,N/A,N/A
Poder Del Pueblo,Animation,N/A,N/A,1h 24m
Baby Halloween,Animation,N/A,N/A,1h 6m
Daughters of Monster Magnet,Animation,N/A,N/A,46m
Minderler Adasi: Kilicin Sahibi,Animation,N/A,N/A,N/A
Mult v kino. Vypusk # 168: Idyom na piknik!,Animation,N/A,N/A,51m
Toto's Christmas in Oz,Animation,N/A,N/A,1h 5m
Mult v kino. Vypusk # 175,Animation,N/A,N/A,48m
Harmonie,Animation,N/A,N/A,1h 14m
Le mystère de Waza,Animation,N/A,N/A,N/A
Broken oath Chapter #2 Blood Bath on City Island,Animation,N/A,N/A,1h 30m
Gg Bond: Interstellar Action,Animation,N/A,N/A,N/A
Sirds likums,Animation,6.8, (17),1h 5m
Huang Pi: God of Money,Animation,N/A,N/A,1h 22m
Um Tempo de Todos,Animation,N/A,N/A,2h 12m
The Halloween Shark,Animation,N/A,N/A,1h 9m
The Veyshal Movie,Animation,N/A,N/A,2h
Nefertiti Regina Inimilor,Animation,N/A,N/A,1h 29m
There's Something About Knuckles Saga,Animation,N/A,N/A,46m
Dreamscape Vibes: Halloween Dance Party,Animation,N/A,N/A,1h 1m
Rudra & Return of King Makoonga,Animation,N/A,N/A,45m
The Barkers Pursuit of Adventure,Animation,N/A,N/A,N/A
Psycho World Tournament,Animation,N/A,N/A,N/A
Skazochnyy patrul,Animation,N/A,N/A,1h 15m
The Grump's Christmas,Animation,N/A,N/A,1h 5m
Tobia e i colori del mondo,Animation,N/A,N/A,N/A
Mei Ren Yu De Xia Tian,Animation,N/A,N/A,N/A
Mult v kino. Vypusk # 170: Vsyo luchshee - druzyam,Animation,N/A,N/A,52m
Healing for the Nations,Animation,N/A,N/A,3m
Milk Teeth - Essere bambine in Afghanistan,Animation,N/A,N/A,N/A
People Power,Animation,N/A,N/A,1h 24m
Fat Chance! the Movie,Animation,7.6, (6),N/A
The Photographer,Animation,N/A,N/A,N/A
Satan Kingdom Babylon,Animation,N/A,N/A,1h 17m
Mutation X,Animation,N/A,N/A,51m
Ba Jie Zhi Tian Peng Xia Jie,Animation,N/A,N/A,N/A
The Witch Doll of Aliester Croweley,Animation,N/A,N/A,16m
Terrors,Animation,N/A,N/A,1h 5m
Eiga Shimajiro Miracle-jima no Nanairo Carnation,Animation,N/A,N/A,1h 10m
Despierta tu alma,Animation,N/A,N/A,Not Rated
Pikmin Destruction,Animation,N/A,N/A,1h 35m
Fairytale Fun Force Storytime: Happy Jack,Animation,N/A,N/A,2h 39m
Robo Puffin,Animation,N/A,N/A,N/A
"Abenzaidún y Wallada, amor eterno",Animation,N/A,N/A,1h 7m
Blossomele,Animation,N/A,N/A,53m
Slides for the Lecture-Performance,Animation,N/A,N/A,55m
Mult v kino. Vypusk # 173: Sekrety druzhby!,Animation,N/A,N/A,48m
Abandoned,Animation,N/A,N/A,54m
1963,Animation,N/A,N/A,57m
Mult v kino. Vypusk # 165: Multikov vsegda malo,Animation,N/A,N/A,49m
Kustomonsters 3,Animation,N/A,N/A,54m
Sunny,Animation,N/A,N/A,N/A
Boundearth,Animation,N/A,N/A,1h 48m
Calico Rebellion,Animation,N/A,N/A,1h 10m
My Time to Make It Happen: As Told by Tiana Melvina,Animation,N/A,N/A,42m
Symphony of the Eyes,Animation,N/A,N/A,43m
Baby Pillows,Animation,N/A,N/A,Not Rated
Ali's Dream Castle,Animation,N/A,N/A,N/A
Mel John,Animation,N/A,N/A,1h 55m
Bonehead: A Fortnite Legend,Animation,N/A,N/A,1h 46m
The Christmas Shark,Animation,N/A,N/A,1h 3m
Era un soñador,Animation,N/A,N/A,1h 5m
Métasexe,Animation,N/A,N/A,42m
Five Nights at TK's: The Curse of TK,Animation,N/A,N/A,1h
NJPW SMP: The Movie,Animation,N/A,N/A,50m
"The Wizard and the Scholar (or, a Rapscallion Runs Amok in Rye)",Animation,N/A,N/A,1h 3m
The Puffins: Arctic Games,Animation,N/A,N/A,N/A
Criaturas Sorridentes,Animation,N/A,N/A,N/A
Snow White's Storytime: The Wishing-Stone Stories,Animation,N/A,N/A,4h 56m
Outcome,Animation,N/A,N/A,51m
Untitled Ambition: The Journey to Valtoria,Animation,N/A,N/A,N/A
Frost: End of the Ashics,Animation,N/A,N/A,57m
Cekárna,Animation,N/A,N/A,3m
Mission to Pisom,Animation,N/A,N/A,N/A
Cordélicos,Animation,N/A,N/A,1h 8m
Fishtales: The Christmas Whale,Animation,N/A,N/A,1h 5m
Mult v kino. Vypusk # 174. Dobrye dela!,Animation,N/A,N/A,48m
Plastic,Animation,N/A,N/A,1h 2m
Alla conquista del mondo,Animation,7.2, (26),N/A
The Burgger and Frogger Movie,Animation,N/A,N/A,N/A
Tax on Cigarettes,Animation,N/A,N/A,N/A
Ah My Goddess: Bad Goddess One Wish,Animation,N/A,N/A,53m
Worship,Animation,N/A,N/A,1h 15m
Collection Ansorge,Animation,N/A,N/A,1h 30m
VS Volume 4,Animation,N/A,N/A,N/A
Gift,Animation,N/A,N/A,N/A
Nancy & Bill: The Story Before Oliver Twist,Animation,N/A,N/A,N/A
Ilia Jostojooye Ghahreman,Animation,N/A,N/A,N/A
The Things I Have Seen,Animation,N/A,N/A,1h 30m
Jinsei,Animation,N/A,N/A,1h 33m
"Thelma's Perfect Birthday,",Animation,N/A,N/A,N/A
