Movie_id,Title,Genre,Ratings,Voting_counts,Duration
1,(S)KiDS,Animation,8.6,102,85
2,"Detective Conan: The Million-Dollar Pentagram",Animation,6.7,15000,111
3,"Mutation X",Animation,6.3,9794,51
4,Appu,Animation,8.6,182,92
5,"The Witch Doll of Aliester Croweley",Animation,6.3,9794,16
6,"Mult v kino. Vypusk # 175",Animation,6.3,9794,48
7,"Motu Patlu & The Rise of Zombies",Animation,6.6,15,74
8,"Eiga Oshiri Tantei Saraba Itoshiki Aibô (Oshiri) yo",Animation,6.3,9794,71
9,"Eiga Shimajiro Miracle-jima no Nanairo Carnation",Animation,6.3,9794,70
10,"Movie Given Hiiragi Mix.",Animation,7.5,177,70
11,Mochi-chon,Animation,9,9,90
12,"Bartali's Bicycle",Animation,7.8,5,80
13,"Angelo dans la forêt mystérieuse",Animation,6,125,81
14,"Dreamscape Vibes: Halloween Dance Party",Animation,6.3,9794,61
15,"DreadClub: Vampire's Verdict",Animation,5.1,58,90
16,"Ekip: Siberay - Günes Firtinasi",Animation,6,14,72
17,"Despierta tu alma",Animation,6.3,9794,90
18,"Abá e Sua Banda",Animation,7,10,84
19,"Uma Musume: Pretty Derby - Beginning of a New Era",Animation,7.3,121,108
20,"Kizumonogatari: Koyomi Vamp",Animation,7,90,144
21,"Mel John",Animation,6.3,9794,115
22,"Alex and Mia's Awesome Movie!!",Animation,6.3,9794,75
23,"Nasreddin Hoca: Zaman Yolcusu - Kadim Medeniyetler",Animation,7.7,12,78
24,"Memoir of a Snail",Animation,7.8,17000,95
25,"A Few Moments of Cheers",Animation,7.1,39,68
26,"Nothing Unusual",Animation,9.7,12,92
27,"Boonie Bears: Time Twist",Animation,6,167,105
28,"Luv You Shankar",Animation,5.8,44,120
29,"Papercuts - My Life as an Indie Animator",Animation,6.3,9794,87
30,"Kral Sakir: Devler Uyandi",Animation,5.4,66,90
31,"Haikyu!! The Dumpster Battle",Animation,7.7,62000,85
32,"Given 3: To the Sea",Animation,8.8,64,80
33,"Gintama the Movie 2D: Courtesan of the Nation Arc",Animation,7.8,6,109
34,"Mult v kino. Vypusk # 165: Multikov vsegda malo",Animation,6.3,9794,49
35,Jinsei,Animation,6.3,9794,93
36,"The Remarkable Life of Ibelin",Animation,8.2,12000,103
37,"The Redemption of Zack & Heather (Remastered)",Animation,6.3,9794,90
38,"The Quintessential Quintuplets Specials 2",Animation,7,131,46
39,"Alla conquista del mondo",Animation,7.2,26,90
40,"The Most Precious of Cargoes",Animation,7.1,988,81
41,Métasexe,Animation,6.3,9794,42
42,"The Monkey King Conquers Monsters",Animation,6.3,9794,90
43,Spermageddon,Animation,5.8,816,80
44,"Memory Hotel",Animation,6.3,9794,100
45,"My Time to Make It Happen: As Told by Tiana Melvina",Animation,6.3,9794,42
46,"The Summer of Mermaid",Animation,9.1,97,90
47,"Turbozavry. God drakona",Animation,9.2,43,48
48,Harmonie,Animation,6.3,9794,74
49,"Terra Incognita 1901",Animation,9.2,14,78
50,"Attack on Titan the Movie: The Last Attack",Animation,9.2,16000,145
51,"Kaptan Pengu ve Arkadaslari 4: Buzuldaki Sir",Animation,5.4,13,90
52,"Olivia & the Clouds",Animation,7.2,52,81
53,"The Christmas Shark",Animation,6.3,9794,63
54,"Marvel's Civil War Full Comic Dub Movie",Animation,6.3,9794,75
55,"Nefertiti the Queen of Hearts",Animation,6.3,9794,89
56,"Era un soñador",Animation,6.3,9794,65
57,"Ah My Goddess: Bad Goddess One Wish",Animation,6.3,9794,53
58,"Night of the Zoopocalypse",Animation,6,661,91
59,"There's Something About Knuckles Saga",Animation,6.3,9794,46
60,"Grand Theft Hamlet",Animation,6.9,19000,89
61,"Ninja Doomscrolling",Animation,8.1,102,96
62,"Slocum et moi",Animation,7.3,73,75
63,"Sufunkan no Yell o",Animation,7,6,90
64,Norbert,Animation,6.6,12,75
65,"Meitantei Conan Bâsasu Kaitô Kiddo",Animation,6.1,162,81
66,"The Delegator",Animation,4.2,17,96
67,"The Colors Within",Animation,7.1,971,101
68,"Collection Ansorge",Animation,6.3,9794,90
69,"Sunburnt Unicorn",Animation,7.7,13,81
70,"Toto's Christmas in Oz",Animation,6.3,9794,65
71,Balentes,Animation,6.3,9794,70
72,"Mult v kino. Vypusk # 173: Sekrety druzhby!",Animation,6.3,9794,48
73,"Mult v kino. Vypusk # 174. Dobrye dela!",Animation,6.3,9794,48
74,"The Car Acrobatic Team Saga",Animation,7.2,11,112
75,"Slides for the Lecture-Performance",Animation,6.3,9794,55
76,"Happy Little Submarine: 80 Days Around the Earth",Animation,6.3,9794,80
77,"Nefertiti Regina Inimilor",Animation,6.3,9794,89
78,"Mariposas Negras",Animation,7.2,54,83
79,Trapezium,Animation,6.3,152,102
80,"The Ballad of Straw Hat Sam",Animation,9.2,10,45
81,"Mult v kino. Vypusk # 170: Vsyo luchshee - druzyam",Animation,6.3,9794,52
82,"Teacher's Pet",Animation,5.5,36,90
83,"Adventures of Mickey Sherlock Mouse & Winnie the Pooh",Animation,4.9,11,90
84,"King of Prism: Dramatic Prism 1",Animation,6.3,9794,60
85,"Out of the Nest",Animation,6.5,111,84
86,Outcome,Animation,6.3,9794,51
87,"Tay 2: Ebabil Takimi",Animation,5.2,38,78
88,"Crazy Train",Animation,6.3,9794,95
89,"Transformers: 40th Anniversary Event",Animation,7.3,29,96
90,"PAPmusic - Animation for Fashion",Animation,1,137,85
91,"The Wizard and the Scholar (or, a Rapscallion Runs Amok in Rye)",Animation,6.3,9794,63
92,"Fat Chance! the Movie",Animation,7.6,6,90
93,"Bocchi the Rock! Re: Re:",Animation,7.9,104,77
94,"Jin Ling Yu Mao",Animation,6.3,9794,97
95,"Bogyó és Babóca 6. - Csengettyuk",Animation,7.8,13,90
96,"Healing for the Nations",Animation,6.3,9794,3
97,"People Power",Animation,6.3,9794,84
98,"Peppa Pig: Peppa's Adventures Around the World",Animation,8,7,90
99,1963,Animation,6.3,9794,57
100,"Fishtales: The Christmas Whale",Animation,6.3,9794,65
101,"Cille 2069",Animation,7.1,93,90
102,"Five Nights at TK's: The Curse of TK",Animation,6.3,9794,60
103,"Luntik. Vozvrashchenie domoy",Animation,6.4,75,90
104,"2054: The Wreckoning",Animation,6.3,9794,60
105,"Symphony of the Eyes",Animation,6.3,9794,43
106,"Pikmin Destruction",Animation,6.3,9794,95
107,"2475 Dawn of Revolution",Animation,6.3,152,127
108,"Piril: Sayilarin Gizemi",Animation,9,67,90
109,"Baby Pillows",Animation,6.3,9794,90
110,"Pleasant Goat and Big Big Wolf: The World Guardians",Animation,7.2,13,96
111,"Poder Del Pueblo",Animation,6.3,9794,84
112,"Fox & Hare Save the Forest",Animation,5.9,203,71
113,"Love and Friendship",Animation,6.3,9794,57
114,"Love Live! Nijigasaki High School Idol Club Final Chapter Part 1",Animation,7.3,13,59
115,"Look Back",Animation,7.8,15000,58
116,"Fleischer Cartoons: The Art & Inventions of Max Fleischer",Animation,6.3,9794,62
117,"Bocchi the Rock! Recap Part 1",Animation,7.6,164,90
118,"Rudra & Return of King Makoonga",Animation,6.3,9794,45
119,"Yumi's Cells: The Movie",Animation,6.2,49,93
120,Abandoned,Animation,6.3,9794,54
121,"Rabbits Kingdom the Movie",Animation,6.3,9794,94
122,"Rafadan Tayfa: Kapadokya",Animation,6.6,119,84
123,"From Ground Zero",Animation,7.9,535,112
124,"Baki Hanma VS Kengan Ashura",Animation,5.7,19000,62
125,"Unhappy 25 Years Little Brat",Animation,6.3,9794,90
126,"Frost: End of the Ashics",Animation,6.3,9794,57
127,"Cacophony the Animated Movie",Animation,6.3,9794,81
128,"COPS VS WHORES",Animation,6.3,9794,57
129,"Bear Kid: Super Hero",Animation,6.3,9794,80
130,"Re: Zero - Starting Life in Another World- Season 3 Episode 1 90-minute Special 'Theatrical Malice'",Animation,8.8,12000,90
131,"Hey, Tete",Animation,6.4,9,151
132,"The Greatest Surf Movie in the Universe",Animation,5.4,8,81
133,"Riki Rhino: The Bird Kingdom",Animation,5.1,24,109
134,Becho,Animation,7.2,10,90
135,"Abenzaidún y Wallada, amor eterno",Animation,6.3,9794,67
136,"Iris the Movie: Full Energy!!",Animation,7.3,8,60
137,"Rock Bottom",Animation,6.9,43,86
138,"Zuzubalândia: O Filme",Animation,5.6,10,60
139,"Rocky and Bullwinkle",Animation,9.2,13,100
140,"Where the Robots Grow",Animation,2.6,515,90
141,"Psycho City: The Movie",Animation,6.3,9794,117
142,Cekárna,Animation,6.3,9794,3
143,"Golmaal Jr: Humshakals Ka Golmaal",Animation,6.3,9794,46
144,Frida,Animation,7.5,15000,87
145,"The Littlest Angel 2: Lily Has a Secret",Animation,6.3,9794,84
146,Blossomele,Animation,6.3,9794,53
147,"Blue Lock: Episode Nagi",Animation,6.6,25000,91
148,"Gujeyeog-eseo sal-a dol-aon dwaeji",Animation,5.1,10,105
149,"Il segreto di Liberato",Animation,7.3,218,90
150,"Hello My Beautiful Creatures",Animation,6.8,170,142
151,"Let Them Breathe: City on the Ocean",Animation,6.3,9794,112
152,"The Things I Have Seen",Animation,6.3,9794,90
153,"Gintama on Theater 2D: Kintama-hen",Animation,6.3,9794,97
154,"Bread Barbershop: Celeb in Bakery Town",Animation,6.3,9794,77
155,"Boys Go to Jupiter",Animation,6.9,96,90
156,Boundearth,Animation,6.3,9794,108
157,"Sabbath Queen",Animation,8,65,105
158,"Penelope & Everly's Holiday Adventure",Animation,6.3,9794,90
159,"Ganbatte Ikimasshoi",Animation,5,12,90
160,"Sanatorium Under the Sign of the Hourglass",Animation,5.4,117,75
161,"Le parfum d'Irak",Animation,8.1,42,95
162,"Satan Kingdom Babylon",Animation,6.3,9794,77
163,"Bonehead: A Fortnite Legend",Animation,6.3,9794,106
164,"Benjamin Bat",Animation,7.9,30,75
165,"Johnny Puff: Secret Mission",Animation,4.8,453,87
166,"Exorcism Chronicles: The Beginning",Animation,7.1,99,85
167,"Spider-Man: Blue",Animation,5.9,12,90
168,"TWST: Things We Said Today",Animation,7,47,86
169,"Ya Boy Kongming! Road to Summer Sonia",Animation,7.4,40,119
170,"Shed 17 & Project G-1 the Movie",Animation,6.3,9794,85
171,"Motu Patlu & The Race to the Diamond Valley",Animation,7.8,27,72
172,"Skazochnyy patrul",Animation,6.3,9794,75
173,"Bizarros Peixes das Fossas Abissais",Animation,8.1,13,75
174,"World of Sathvik and his friends : The Cursed Pumpkin",Animation,6.3,9794,48
175,Apperception,Animation,6.3,9794,62
176,"Woolina and the No Birds",Animation,8.2,48,80
177,"Broken oath Chapter #2 Blood Bath on City Island",Animation,6.3,9794,90
178,"Kustomonsters 3",Animation,6.3,9794,54
179,"Hola Frida",Animation,7.1,30,82
180,"The Glassworker",Animation,7.3,17000,98
181,"I Am What I Am 2",Animation,7.5,206,134
182,Gill,Animation,6.3,9794,104
183,"Ugly Sweater",Animation,7.1,13,80
184,"Bie ba zuo wen dang hui shi er",Animation,7.2,11,89
185,"Sirds likums",Animation,6.8,17,65
186,"Silex and the City, le film",Animation,4.9,50,77
187,"Fairytale Fun Force Storytime: Happy Jack","Animation, Family",6.3,19588,159
188,"Masha i Medved v kino: Park chudes","Animation, Family",7.6,34,58
189,"Day of the Diesels","Animation, Family",7.7,20,100
190,"A Sloth Story","Animation, Family",5.6,412,90
191,"Inanimate Insanity II: The Movie","Animation, Family",8.4,464,106
192,"Ivan Tsarevich i Seryy Volk 6","Animation, Family",5.5,174,90
193,"The Puffins & the Magic Portal","Animation, Family",7.6,62,90
194,Hitpig,"Animation, Family",5.1,1886,86
195,"Tri kota. Zimnie kanikuly","Animation, Family",6.5,62,65
196,"Gracie and Pedro: Pets to the Rescue","Animation, Family",5.1,552,87
197,"Uma & Haggen: Mitos","Animation, Family",7.3,94,94
198,"Baby Halloween","Animation, Family",6.3,19588,66
199,"Dikkie Dik 2: Een Nieuwe Vriend voor Dikkie Dik","Animation, Family",7.4,144,70
200,"Dikkie Dik en de Verdwenen Knuffel","Animation, Family",7.3,260,62
201,"Arne Alligator och djungelkompisarna","Animation, Family",4.6,96,61
202,"My Freaky Family","Animation, Family",6.3,812,86
203,Savages,"Animation, Family",6.8,686,87
204,"Snow White's Storytime: The Wishing-Stone Stories","Animation, Family",6.3,19588,296
205,"Storm Crashers","Animation, Family",6.2,1126,88
206,"The Halloween Shark","Animation, Family",6.3,19588,69
207,"Bigfoot in Wonderland","Animation, Family",6.3,19588,61
208,"Mult v kino. Vypusk # 167: Fokus-pokus","Animation, Family",6.3,19588,51
209,Kvitebjørn,"Animation, Family",5.9,124,85
210,"Piece by Piece","Animation, Family",6.9,108000,93
211,"Peppa's Cinema Party","Animation, Family",5,310,65
212,"Pui Pui Molcar the Movie: Molmax","Animation, Family",7,18,69
213,"Rocket Club: Across the Cosmos","Animation, Family",8.4,38,68
214,"Robotia, the Movie","Animation, Family",7.7,58,86
215,"Steal the Naughty List","Animation, Family",6.4,240,90
216,Return,"Animation, Family",6.3,19588,90
217,"Little Emma","Animation, Family",5.9,228,106
218,"Living Large","Animation, Family",7,246,80
219,"The Grump's Christmas","Animation, Family",6.3,19588,65
220,"Mult v kino. Vypusk # 168: Idyom na piknik!","Animation, Family",6.3,19588,51
221,"Animal Tales of Christmas Magic","Animation, Family",6.8,102,72
222,"Magic Birds: I magiki pagida","Animation, Family",6.3,19588,100
223,"Paddington in Peru","Animation, Family",6.7,42000,106
224,"The Cheshire Cat","Animation, Family",6.3,19588,64
225,"Thanksgiving in Wonderland","Animation, Family",6.3,19588,65
226,"Nintama Rantaro Dokutake Ninja-tai Saikyou no Gunshi","Animation, Family",6.9,42,90
227,"Crayon Shin-chan: Ora's Dinosaur Diary","Animation, Family",6.4,716,106
228,"The Elf Who Saved Christmas","Animation, Family",6.3,19588,62
229,"The Big Trip 3: Race Around the World","Animation, Family",5.6,118,85
230,"Noah's Ark","Animation, Family",4.3,1324,96
231,"Woody Woodpecker Goes to Camp","Animation, Family, Fantasy",4.5,78000,100
232,Flow,"Animation, Family, Fantasy",7.9,222000,85
233,"Si Juki the Movie: Harta Pulau Monyet","Animation, Family, Fantasy",6,357,107
234,"That Christmas","Animation, Family, Fantasy",6.8,51000,91
235,"Ghost Cat Anzu","Animation, Family, Fantasy",6.5,2322,97
236,"The Garfield Movie","Animation, Family, Fantasy",5.7,72000,101
237,IF,"Animation, Family, Fantasy",6.4,174000,104
238,"The Casagrandes Movie","Animation, Family, Fantasy",5.6,2001,89
239,Super-Charlie,"Animation, Family, Fantasy",5.8,366,80
240,"Heartsping : Teenieping of Love","Animation, Family, Fantasy",7.1,72,90
241,"Thelma the Unicorn","Animation, Family, Fantasy",5.7,87000,93
242,"Niko: Beyond the Northern Lights","Animation, Family, Fantasy",6.2,999,86
243,"Buffalo Kids","Animation, Family, Fantasy",6.6,2084,93
244,"Zak & Wowo: The Legend of Lendarys","Animation, Family, Fantasy",5.7,288,85
245,"Inside Out 2","Animation, Family, Fantasy",7.5,648000,96
246,"Kung Fu Panda 4","Animation, Family, Fantasy",6.3,204000,94
247,"10 Lives","Animation, Family, Fantasy",5.9,57000,88
248,LUDA,"Animation, Family, Fantasy",7.2,18,86
249,Rebellious,"Animation, Family, Fantasy",6,585,94
250,"Maya, donne-moi un titre","Animation, Family, Fantasy",6.4,162,61
251,SuperKlaus,"Animation, Family, Fantasy",4.3,606,88
252,"200% Wolf","Animation, Family, Fantasy",5.9,39000,98
253,"Harold and the Purple Crayon","Animation, Family, Fantasy",5.7,252000,90
254,"The Lost Tiger","Animation, Family, Fantasy",7.9,135,90
255,"Double Tuckerr","Animation, Family, Fantasy",4.9,36000,120
256,"Treasure Fellowship","Animation, Family, Fantasy",6.3,29382,86
257,"Mufasa: The Lion King","Animation, Family, Fantasy",6.6,189000,118
258,"Dongeng Sang Kancil","Animation, Family, Fantasy",6.7,519,99
259,"Nature Cat's Nature Movie Special Extraordinaire","Animation, Family, Fantasy",7.3,57,53
260,"Die Heinzels: Neue Mützen, Neue Mission","Animation, Family, Fantasy",6.4,273,76
261,"Elli and the Ghostly Ghost Train","Animation, Family, Fantasy",5.1,303,86
262,"The Night Before Christmas in Wonderland","Animation, Family, Fantasy",6.3,1554,80
263,"Diego of the Dead 2","Animation, Family, Fantasy",6.3,29382,60
264,"The Proud Princess","Animation, Family, Fantasy",6.7,339,84
265,"Orion and the Dark","Animation, Family, Fantasy",6.3,51000,93
266,"Tri bogatyrya. Ni dnya bez podviga","Animation, Family, Fantasy",5.7,207,61
267,"Dalia y el Libro Rojo","Animation, Family, Fantasy",6.4,276,107
268,Diplodocus,"Animation, Family, Fantasy",6.3,534,90
269,"My Redneck Neighbor: Chapter 2 - Let the Games Begin","Animation, Family, Fantasy",6.3,29382,55
270,"My Oni Girl","Animation, Family, Fantasy",6,51000,112
271,Askepote,"Animation, Family, Fantasy",3.5,249,72
272,"Saving Bikini Bottom: The Sandy Cheeks Movie","Animation, Family, Fantasy",3.7,117000,82
273,"Bob a Bobek ve filmu: Na stope Mrkvojeda","Animation, Family, Fantasy",7.5,81,80
274,"Panda Bear in Africa","Animation, Family, Fantasy",5.5,1041,84
275,"The Tiger's Apprentice","Animation, Family, Fantasy",5.7,66000,84
276,"Let's Go! Anpanman: Baikinman and Lulun","Animation, Family, Fantasy",6.5,21,64
277,"Ryan's World the Movie: Titan Universe Adventure","Animation, Family, Fantasy",1.8,2076,80
278,"Skazochnyy patrul. Shou prodolzhayetsya","Animation, Family, Fantasy",7.2,33,65
279,Spellbound,"Animation, Family, Fantasy",5.5,222000,109
280,"Moana 2","Animation, Family, Fantasy",6.6,306000,100
281,"Ultraman: Rising","Animation, Family, Fantasy, Sci-Fi",6.9,256000,117
282,"Transformers One","Animation, Family, Fantasy, Sci-Fi",7.6,204000,104
283,"Doraemon the Movie: Nobita's Earth Symphony","Animation, Family, Fantasy, Sci-Fi",6.6,60000,115
284,"Wonderful Precure! The Movie! Doki Doki Game no Sekai de Daiboken","Animation, Family, Fantasy, Sci-Fi",7,140,71
285,"Captain Avispa","Animation, Family, Fantasy, Sci-Fi",5.8,708,96
286,"Big City Greens the Movie: Spacecation","Animation, Family, Fantasy, Sci-Fi",6.2,2172,83
287,"Megamind vs. The Doom Syndicate","Animation, Family, Sci-Fi",2.5,168000,83
288,"The Day the Earth Blew Up: A Looney Tunes Movie","Animation, Family, Sci-Fi",7,126000,91
289,"No Time to Spy: A Loud House Movie","Animation, Family, Sci-Fi",6.4,1350,81
290,"Despicable Me 4","Animation, Family, Sci-Fi",6.2,195000,94
291,"Wallace & Gromit: Vengeance Most Fowl","Animation, Family, Sci-Fi",7.5,102000,82
292,"Demon Slayer: Kimetsu No Yaiba - To the Hashira Training","Animation, Fantasy",7.1,170000,104
293,"The Formula for Water","Animation, Fantasy",4.5,62,86
294,"Nie Xiaoqian","Animation, Fantasy",6.2,34,112
295,"Shrek 5: The Contract - A Fan Made Film","Animation, Fantasy",7,38,84
296,"Overlord: The Sacred Kingdom","Animation, Fantasy",6.9,1982,135
297,"Maxxie LaWow: Drag Super-shero","Animation, Fantasy",8.7,116,114
298,"Our Crazy Love","Animation, Fantasy",6.3,19588,86
299,"Dan Da Dan: First Encounter","Animation, Fantasy",8.2,54000,83
300,"Dance with the Finless Promise","Animation, Fantasy",6.6,38,90
301,Dragonkeeper,"Animation, Fantasy",5.7,34000,98
302,"Broken Glass","Animation, Fantasy",6.3,19588,90
303,"NJPW SMP: The Movie","Animation, Fantasy",6.3,19588,50
304,"STEVE (A Minecraft Movie)","Animation, Fantasy",6.9,24,61
305,"Sinoalice: The Very Last Story","Animation, Fantasy",6.3,19588,74
306,"God with Three Eyes","Animation, Fantasy",6.1,28,112
307,"Solo Leveling: ReAwakening","Animation, Fantasy",8.7,24000,121
308,"The Umbrella Fairy","Animation, Fantasy",5.5,108,95
309,"Lilla spöket Laban spökar igen","Animation, Fantasy",6.2,54,44
310,"The Lord of the Rings: The War of the Rohirrim","Animation, Fantasy",6.3,60000,134
311,Fureru,"Animation, Fantasy",6.2,72,107
312,"Young doctor's notes","Animation, Fantasy",3.5,12,86
313,"Velký Pán","Animation, Fantasy",7,16,73
314,"White Snake: Afloat","Animation, Fantasy",6.9,954,133
315,"The Veyshal Movie","Animation, Fantasy",6.3,19588,120
316,"Mononoke the Movie: The Phantom in the Rain","Animation, Fantasy",6.8,24000,89
317,"Into the Mortal World","Animation, Fantasy",6.8,308,118
318,"Huang Pi: God of Money","Animation, Fantasy",6.3,19588,82
319,"Genjitsu no Yohane -Sunshine in the Mirror- Movie","Animation, Fantasy",6.3,19588,89
320,"Dragon Ball Z Kai","Animation, Fantasy, Sci-Fi",8.5,213,82
321,"Justice League: Crisis on Infinite Earths - Part Two","Animation, Fantasy, Sci-Fi",5.5,159000,94
322,"Justice League: Crisis on Infinite Earths - Part Three","Animation, Fantasy, Sci-Fi",6.1,135000,94
323,Dinonauts,"Animation, Fantasy, Sci-Fi",6.3,29382,77
324,"Schirkoa: In Lies We Trust","Animation, Fantasy, Sci-Fi",5.6,474,103
325,"The Worlds Divide","Animation, Fantasy, Sci-Fi",8.1,117,120
326,"Taisu Xilie","Animation, Fantasy, Sci-Fi",6.3,29382,100
327,"Lesbian Space Princess","Animation, Fantasy, Sci-Fi",7.2,411,87
328,Mars,"Animation, Fantasy, Sci-Fi",7.9,69,84
329,"Dead Dead Demon's Dededede Destruction","Animation, Fantasy, Sci-Fi",7,435,120
330,"Dead Dead Demon's Dededede Destruction Zenpen","Animation, Fantasy, Sci-Fi",7.1,420,120
331,"Justice League: Crisis on Infinite Earths - Part One","Animation, Fantasy, Sci-Fi",6.2,255000,93
332,"Fuuto PI: Portrait of Kamen Rider Skull","Animation, Fantasy, Sci-Fi",7.5,126,82
333,"Um Tempo de Todos","Animation, History",6.3,19588,132
334,"Calico Rebellion","Animation, History",6.3,19588,70
335,"The Storm","Animation, History",6.2,9933,102
336,"Limonov: The Ballad of Eddie","Animation, History",6,1596,138
337,"Quo Vadis","Animation, History",6.6,1016,90
338,Mustafa,"Animation, History",6.9,146,75
339,Plastic,"Animation, Sci-Fi",6.3,19588,62
340,Kuramerukagari,"Animation, Sci-Fi",5.8,164,61
341,"Be Forever Yamato: Rebel 3199: Part 2: The Assault of the Burning Sun","Animation, Sci-Fi",6.3,19588,97
342,"Be Forever Yamato: Rebel 3199: Part 1: Dark Invasion","Animation, Sci-Fi",7,18,50
343,"Life with Quincy 3","Animation, Sci-Fi",6.3,19588,73
344,"La Familia del Barrio: La Película","Animation, Sci-Fi",4,12,90
345,"Bloody Escape: Bats out of Hell","Animation, Sci-Fi",5.6,96,100
346,"Mobile Suit Gundam: Silver Phantom","Animation, Sci-Fi",6.1,26,90
347,"My Hero Academia: You're Next","Animation, Sci-Fi",7,44000,110
348,"Zegapain STA","Animation, Sci-Fi",6.3,19588,90
349,"Code Geass: Rozé of the Recapture - Part 1","Animation, Sci-Fi",7.6,84,74
350,"Watchmen: Chapter I","Animation, Sci-Fi",7.1,132000,83
351,"Watchmen: Chapter II","Animation, Sci-Fi",7,62000,90
352,"Jon Vardar protiv Galaksijata","Animation, Sci-Fi",8.1,150,86
353,"The Wild Robot","Animation, Sci-Fi",8.2,326000,102
354,"Transformers Prime: Galavatron's Revenge","Animation, Sci-Fi",3.4,20,104
355,"Isla Monstro","Animation, Sci-Fi",8.6,16,90
356,"Isle: Alpha One","Animation, Sci-Fi",8.4,14,97
357,"Tobias and the Arcane Merchant","Animation, Sci-Fi",9,86,167
358,"Max Beyond","Animation, Sci-Fi",6.6,34,93
359,Worship,"Animation, Sci-Fi",6.3,19588,75
360,Terrors,"Animation, Sci-Fi",6.3,19588,65
361,"Daughters of Monster Magnet","Animation, Sci-Fi",6.3,19588,46
362,"Kek 2","Animation, Sci-Fi",6.3,19588,98
363,"Mobile Suit Gundam SEED Freedom","Animation, Sci-Fi",6.6,1906,124
364,Astra,"Animation, Sci-Fi",6.8,16,80
365,"Minsky, the little helper robot","Animation, Sci-Fi",6.3,19588,6
366,"Code Geass: Rozé of the Recapture: Part 4","Animation, Sci-Fi",6.6,30,70
367,"Code Geass: Rozé of the Recapture: Part 3","Animation, Sci-Fi",7.4,50,76
368,"Code Geass: Rozé of the Recapture: Part 2","Animation, Sci-Fi",7.8,56,76
369,Cordélicos,"Animation, Sci-Fi",6.3,19588,68
370,"Aanandhapuram Diaries",Family,7,25000,115
371,Hope,Family,5.3,38,90
372,Ghudchadi,Family,4.2,555,113
373,Gina,Family,7.4,25,100
374,"Baii Ga",Family,4.3,62,134
375,"Give 'Em Hell Honey!",Family,5.6,12,94
376,"Bambi: A Tale of Life in the Woods",Family,5.7,174,78
377,"Mees Kees op eigen benen",Family,6.1,36,82
378,Scooped,Family,5.2,45,84
379,"Poymay sobaku, esli smozhesh",Family,3.5,36,96
380,"Prothom Valobasa",Family,6.3,9794,53
381,"Prinsessa Pikkiriikki",Family,6.1,39,75
382,Prayog,Family,6.3,9794,120
383,"Powder Pup",Family,6.2,76,89
384,"Porch Pirates",Family,5,104,107
385,"Ponta Grossa, Não Sei Se Te Amo",Family,6.3,9794,89
386,"Pinnil Oral",Family,6,113,127
387,"Gharat Ganpati",Family,7.9,501,139
388,"Príncipe Lu e a Lenda do Dragão",Family,4.2,27,90
389,"Abar Amra Eksathe",Family,6.3,9794,50
390,"Not Just a Goof",Family,7.8,320,87
391,Babah,Family,6.7,168,129
392,"Hope's Hollywood Christmas",Family,8.9,28,90
393,Chithini,Family,6,551,151
394,"Childhood Tales",Family,7.4,22,63
395,"Chicken Coop",Family,5.8,88,98
396,"A Nashville Wish",Family,5.7,93,102
397,"A House Without a Father",Family,6.2,34,61
398,"A Holiday for Harmony",Family,3.6,37,120
399,Grrr...,Family,4,815,121
400,"Grüsse vom Mars",Family,7.4,31,85
401,"Give You a Candy",Family,5.4,14,134
402,"A Hero's Journey: The Making of Percy Jackson and the Olympians",Family,7.4,250,50
403,"Chuck Billy and the Marvelous Guava Tree",Family,7.4,1000,90
404,Dance,Family,3.3,67,90
405,"Autumn and the Black Jaguar",Family,5.6,1000,100
406,"Daaru Na Peenda Hove",Family,7.6,23000,111
407,Cup,Family,8.5,69,146
408,Cricket,Family,8.6,14,90
409,"Average Joe",Family,4.3,577,100
410,"Awesomest Christmas Ever",Family,7,22,78
411,Baawla,Family,6.3,9794,17
412,"Christmas with the Pups 2: Pups Alone",Family,4.2,14,90
413,"Person of the Year",Family,5.8,11,100
414,"Moy dikiy drug",Family,6.5,58,100
415,"Papu mame zaverni",Family,3.6,68,106
416,"My Redneck Neighbor: Chapter 1 - The Rednecks Are Coming",Family,5.7,9,74
417,Neposlushniki,Family,4.9,96,108
418,"Ne odna doma",Family,4.1,82,79
419,"Navardev Bsc. Agri.",Family,9.2,15,90
420,"Nanak Naam Jahaz Hai",Family,6.3,9794,140
421,"Naiki ka Badla",Family,6.3,9794,14
422,"Nadanna Sambhavam",Family,5.8,14000,120
423,"My half",Family,2.9,11,90
424,"My Private Line to God",Family,6.9,85,90
425,"Nosso Amiguinho",Family,6.3,9794,100
426,"My Penguin Friend",Family,6.7,52000,97
427,"My Dear Donga",Family,5.7,160,132
428,"My Dad Is an Alien",Family,8,19,96
429,Mukhadrakon,Family,5.3,18,109
430,"Mr. Santa: A Christmas Extravaganza",Family,8.4,18,98
431,"Moyo sobache delo",Family,5.3,45,77
432,"Moy lyubimyy chempion",Family,2.4,418,95
433,Chitra,Family,7.8,5,125
434,"Non succederà più",Family,6.3,9794,90
435,"Palayam PC",Family,5.1,138,118
436,"Panda Plan",Family,5.1,13000,99
437,Panne,Family,6.3,9794,162
438,"Rally Caps",Family,5.5,140,100
439,"Paper Flowers",Family,8.8,33,100
440,"Papa Ki Pari",Family,6.3,9794,15
441,"Pulang Tak Harus Rumah",Family,6.3,9794,80
442,Rajakili,Family,6.7,588,122
443,"Rú ge shàonián",Family,6.3,9794,93
444,"Saving Christmas",Family,8.2,19,90
445,Satidevi,Family,6.3,9794,129
446,"Salem, SOS-ed!",Family,6.3,9794,91
447,"Salamat Rahe Dostana Hamara (SRDH)",Family,9.3,87,60
448,"Perfekta: Uma Aventura da Escola de Gênios",Family,5.8,16,92
449,"Saint Nick of Bethlehem",Family,9.2,101,93
450,"SDL A Batalha Musical",Family,7.3,41,102
451,"Ruthupavanalu (Monsoon Breeze)",Family,6.3,9794,135
452,Rajkumar,Family,7.4,27000,145
453,Runt,Family,6.4,530,91
454,"Running Milu Deer",Family,6.3,9794,104
455,"Romeo and Benvolio",Family,6.3,9794,80
456,"Roboman the Movie",Family,7.2,5,90
457,"Return to Wickensburg",Family,5,30,88
458,"Ram NRI",Family,6.3,9794,133
459,Sabari,Family,6.5,54000,129
460,"BeBe Winans' We Three Kings",Family,6.9,129,90
461,"Dedh Bigha Zameen",Family,6.9,751,100
462,Graphy,Family,6.3,9794,33
463,"Bila Esok Ibu Tiada",Family,6.7,322,104
464,"Heinähattu, Vilttitossu ja kana",Family,4.9,60,77
465,"14 Days Love",Family,7.6,10,112
466,"A Christmas Miracle",Family,6,66,88
467,"CBeebies Panto: Beauty and the Beast",Family,7.8,16,73
468,"Het Feest van Tante Rita 2 - De Chocobom",Family,6.7,20,90
469,"7 dney, 7 nochey",Family,6.4,404,98
470,"Hank's Christmas Wish 2: The Nutcracker",Family,3.2,15,90
471,"Big World",Family,7.3,13000,131
472,"Bitva pap",Family,4.4,25,79
473,"Hamar Niyati",Family,6.3,9794,139
474,"Haydi Tut Elimi",Family,6.9,27,113
475,"Home Plate",Family,6.3,9794,85
476,"1600 Meter",Family,6.3,9794,106
477,"Hamari Ramleela",Family,6.3,9794,119
478,"2nd Miracle in Cell No. 7",Family,7.8,218,147
479,"A Creature Was Stirring",Family,6.3,9794,91
480,"Beyaz Zenciler: Yapim Asamasi",Family,8.6,5,55
481,"Brewster's Millions: Christmas",Family,5.6,190,100
482,Heidi,Family,6.3,9794,100
483,"Alfred and His Mischiefs",Family,6.3,9794,99
484,"A Carpenter's Prayer",Family,6.2,92,91
485,"Guru Chela",Family,6.3,9794,157
486,"Her Life Choice",Family,6.3,9794,45
487,Boom!,Family,8.3,11,90
488,"But First, Coffee",Family,6.3,9794,49
489,"Hao hao shuo zai jian",Family,6.3,9794,92
490,"Børnene fra Sølvgade",Family,7.6,98,102
491,"Blended Christmas",Family,6.3,62,90
492,"Bidhoba: The Widow",Family,8,7,90
493,"Hashtag Tadev lagnam",Family,6.5,146,118
494,"Haddhu Ledhu Raa",Family,7.3,2000,112
495,"Home Sweet Loan",Family,8.1,942,112
496,"Gyani Goni",Family,6.3,9794,43
497,Benih,Family,6.3,9794,56
498,Brother,Family,6.2,23000,140
499,Borjatri,Family,8.4,6,72
500,"A Christmas Reunion",Family,4.9,11,64
501,"Gyakorlat teszi a mestert",Family,6.1,15,46
502,"Believe in Christmas",Family,6.1,829,90
503,"Home-less for the Holidays",Family,7.6,10,90
504,"A Brother and 7 Siblings",Family,8.6,12000,129
505,"Candlelight My Way",Family,6.3,9794,95
506,"Appa I Love You",Family,8.7,543,145
507,"Der Buchspazierer",Family,7.3,397,98
508,"Depth of Field",Family,8.5,30,90
509,"Double Engine",Family,5.6,115,106
510,"Eri Naam Songsar",Family,6.3,9794,47
511,Ani-Mom,Family,6.3,9794,65
512,"Dog Days",Family,6.7,315,120
513,"Disaster Holiday",Family,4.8,702,93
514,"Faith in the Family",Family,2.8,122,90
515,"Faith of Angels",Family,5.8,230,98
516,"Die Chaosschwestern und Pinguin Paul",Family,5.7,68,100
517,"Fanzo Movie",Family,7.1,11,104
518,"Father There is Only One 4",Family,5.2,617,90
519,Fear,Family,8.4,28000,115
520,Agrico's,Family,8.9,1000,90
521,"G for Gap",Family,7.1,558,103
522,"Gabru Gang",Family,8.7,214,123
523,"Dance Rivals",Family,5.9,70,93
524,"A Sudden Case of Christmas",Family,5.1,11000,91
525,Gowri,Family,7.4,41000,130
526,"Christmas Carole",Family,4.2,91,93
527,Bayramlik,Family,4.9,49,114
528,"Alive & Free",Family,6.3,9794,91
529,Emma,Family,6.3,9794,90
530,Amaltash,Family,8.1,149,113
531,"Ducobu passe au vert!",Family,4,131,90
532,"Fien & Teun Circus op de Boerderij",Family,5.6,11,77
533,"Finding Christmas",Family,6.8,12,90
534,"Al Eid Eiden",Family,5.8,13,110
535,"Dear Family",Family,6.8,61,116
536,"Akiko, der fliegende Affe",Family,8.3,15,70
537,"For Prophet",Family,5.5,105,105
538,"Forever Queens",Family,6.3,9794,62
539,DeAr,Family,5.1,13000,132
540,"De Legende van Familie Vos",Family,5.7,59,81
541,"Chitti - Potti",Family,9,17000,150
542,"De Grote Sinterklaasfilm - Stampij in de bakkerij",Family,3,76,75
543,"De Bellinga's: Pretpark op stelten",Family,3.1,125,70
544,"Daye: Seret ahl el Daye",Family,7.9,17,104
545,Dastaavej,Family,6.3,9794,140
546,"Feng Zi Lao Ba",Family,6.3,9794,85
547,"A Game of Two Halves",Family,7.3,24,100
548,"Feather Christmas",Family,5.2,120,94
549,"Eine zweite Chance",Family,8.6,45,91
550,"Early Years (xiao shi hou)",Family,6.3,9794,16
551,"And the Breadwinner Is...",Family,6.7,262,123
552,"De Club van Sinterklaas Film: Het Grote Sneeuwavontuur",Family,5.8,50,79
553,"Padmavyuham Lo Chakradhari",Family,7.4,17000,110
554,"Thomas & Friends ERTL Adventures: The Biggest Christmas Adventure",Family,6.3,9794,75
555,"Paagal vs Kadhal",Family,9,21000,111
556,Maranayudham,Family,6.3,9794,141
557,"Margie en de magische drank",Family,6.3,9794,59
558,"Iwájú: A Day Ahead",Family,6.8,73,71
559,"Marry Christmas",Family,6.7,61,85
560,"Like a Rolling Stone",Family,7.7,444,106
561,"Kardes Takimi",Family,3.5,555,95
562,"Last Will",Family,6.3,9794,107
563,"Kattis Gang",Family,6,413,144
564,"Max und die wilde 7: Die Geister-Oma",Family,6.2,46,90
565,"Medicine Man",Family,6.3,9794,52
566,"Kayip Kamyon",Family,4.8,22,90
567,"Kazhdyy mechtaet o sobake",Family,5.2,33,90
568,"Lek Asavi Tar Ashi",Family,5.5,13,143
569,"Le trésor perdu",Family,6.3,9794,72
570,Interview,Family,6.3,9794,115
571,Meiyazhagan,Family,8.4,14000,177
572,Insaniyat,Family,6.3,9794,12
573,"Mangu the Fighter",Family,6.3,9794,105
574,"Kallu Compound 1995",Family,8,2000,140
575,Mansarra,Family,7.8,21,138
576,Mastaani,Family,9.1,27,150
577,"Isabella: Diary of A Foster Girl",Family,6.3,9794,110
578,"Petualangan Anak Penangkap Hantu",Family,6,25,99
579,"Superkrachten voor je hoofd",Family,7.3,197,92
580,"Sur Lagoo De",Family,9.4,9,90
581,"The Primrose Railway Children",Family,5,144,81
582,"The Neon Highway",Family,6,492,113
583,"The Magic Penguin",Family,3.7,28,89
584,"The Legend of Catclaws Mountain",Family,3.5,171,104
585,"The Land of Morning Calm",Family,6.2,26,113
586,"The Lamb",Family,6.8,33,85
587,"The Heiress",Family,6.3,9794,131
588,"Iyus Jenius",Family,9,7,82
589,"The Hedgehog",Family,6.6,676,104
590,"Suvorovets 1944",Family,5.1,9,90
591,"The Forge",Family,6.7,49000,124
592,"The Christmas Room",Family,6.4,52,99
593,"The Adventures of the Adventures 4: Boston Haunts",Family,6.3,9794,119
594,"The Adventures of Jurassic Pet: Return to the Wild",Family,5.2,63,90
595,"Tartinijev kljuc",Family,7.8,21,115
596,Tarpana,Family,9.8,15,138
597,"Takar Machine",Family,6.3,9794,40
598,"Mouse Tales Movie 2",Family,6.3,9794,60
599,"The Groomsmen: First Look",Family,6.1,389,82
600,Shaktiman,Family,8,9,90
601,"Lucy and the Lake Monster",Family,9.4,27,90
602,"Luigi's Mansion",Family,6,17,60
603,"LasseMajas detektivbyrå - Maskoten som försvann",Family,6,58,90
604,"Miracle Mile",Family,8.7,27,82
605,"Khelaghar Bandhte Legechi",Family,8,7,100
606,Laggam,Family,8.4,51000,130
607,"Last Defenders of Monogamy",Family,5.3,387,84
608,Klaantha,Family,6.2,518,107
609,"L'Elisir di Leonardo da Vinci e la Banda del Buffardello",Family,6.3,9794,90
610,"Håkan Bråkan 2",Family,5.3,133,92
611,"Korporatsiya Morozov",Family,5.5,30,83
612,"How to Make Millions Before Grandma Dies",Family,8,15000,125
613,"Hothat Bhalobasa",Family,6.3,9794,64
614,"Krispy Rishtey",Family,6.5,70,133
615,"Il migliore dei mali",Family,7.7,7,90
616,"Mit Baa Ko Gaun",Family,6.3,9794,105
617,"Iloilo, lueurs invisibles",Family,6.3,9794,51
618,"In the Sea of Grace",Family,6.3,9794,88
619,"Merry Birthday, Happy Christmas",Family,4.8,114,84
620,Khusma,Family,8.5,38,90
621,"Once Upon a Christmas",Family,6.8,13,115
622,"Igrisca ne damo!",Family,7,27,79
623,"Il circo delle meraviglie",Family,6.3,9794,90
624,Minchuhulu,Family,6.3,9794,93
625,"Mezhdu nami",Family,5.1,35,93
626,Jugol,Family,6.3,9794,49
627,"Lost on a Mountain in Maine",Family,6.1,12000,98
628,"Juf Braaksel en de Geniale Ontsnapping",Family,4.1,53,83
629,"Joy of Horses",Family,5.8,166,90
630,Lokshahi,Family,8,15,90
631,Lokananta,Family,6.8,10,90
632,Kaagada,Family,8.1,14,149
633,"Kaash (Jiff Official Selection)",Family,6.3,9794,54
634,"Luv Ki Arrange Marriage",Family,3.9,45000,135
635,"Juliette au printemps",Family,6.4,261,95
636,"Jodi Bhalobasho",Family,6.3,9794,54
637,"Kadaloora Kanmmani",Family,6.3,9794,151
638,"Little Town",Family,6.8,11,90
639,"Mahendranin Ponnu Mappillai",Family,6.3,9794,119
640,"Jait Re Jait",Family,8.4,187,90
641,Mallemogga,Family,9,11,132
642,"Malyshariki. Den rozhdeniya",Family,5.8,28,52
643,"Indonesia dari Timur",Family,7.8,5,112
644,"Love, Sitara",Family,5.3,297,105
645,"Idu Entha Lokavayya",Family,6.6,7,120
646,"Maerey Gaon Ki Baat",Family,6.3,9794,165
647,"Shesh Kichudin",Family,6.3,9794,55
648,"Magic Beach",Family,5.5,58,80
649,"Sieger Sein",Family,6.5,182,119
650,"Udanadi Mangalyam",Family,2.9,24,90
651,"Tui Ke Amar",Family,6.6,6,114
652,"Troy the Bharat Putra",Family,5.5,31,134
653,"Treasure Trackers",Family,5.8,163,92
654,"Too Old for Fairy Tales 2",Family,4.8,402,95
655,"Tomari Sathe",Family,8,8,54
656,"Titip Surat Untuk Tuhan",Family,6.5,42,81
657,Thookudurai,Family,4.3,23000,125
658,"Unsung Hero",Family,7,5000,113
659,"The Truth: The Journey Within",Family,7.2,8,91
660,"The Smokey Bear Movie",Family,6.3,9794,90
661,"The Silly Billies: Live in Your Lounge Room!",Family,6.3,9794,47
662,"Venice 2024 Journey Australia",Family,6.3,9794,55
663,"Victoria må dø",Family,5.9,364,85
664,Windcatcher,Family,5.3,407,80
665,"Young Hearts",Family,8,48000,99
666,"You Gotta Believe",Family,5.8,13000,104
667,"Yolki 11",Family,4.7,170,92
668,"The Snow Sister",Family,7,21000,96
669,"Uparwala & Sons",Family,9.2,322,126
670,"Uzhaipalar Thinam",Family,4.3,7,122
671,"V banyu!",Family,5.2,72,99
672,"Oyunda Kal: Eglence Arenasi",Family,2.6,36,92
673,"Siamo solo noi",Family,6.3,9794,116
674,"Our Place Is Here",Family,6.3,9794,54
675,"Our Church Thinks We're Dating",Family,7.5,59,102
676,"Our Christmas House",Family,5.5,46,77
677,Otitpur,Family,6.3,9794,48
678,"Oti Uttam",Family,5.1,203,137
679,"Oru Kadha Parayum Neram",Family,9.3,338,90
680,"Omar v bolshom kino",Family,5.8,26,86
681,"Not a Clue",Family,8.6,6,90
682,"Ole Aale",Family,8.7,409,142
683,"Odna doma. Velikolepnaya pyatyorka",Family,4.1,39,85
684,"O Gün Hava Bulutlu Degildi",Family,6.3,9794,120
685,"Novyy god v Beryozovke",Family,7.1,99,94
686,"Novogodniy ekspress",Family,9.2,6,47
687,"Novogodnee chudo",Family,5.5,14,73
688,Selebryata,Family,3.8,20,93
689,"Mountain Boy",Family,8.3,24,93
690,"Vaar Tahevaar",Family,8,280,127
691,"Yaren Leylek",Family,5.9,27,95
692,"YA - medved",Family,5,61,97
693,"Semeynyy perepolokh",Family,4.9,60,87
694,"Skaapboud of Potjie",Family,6.3,9794,89
695,"Vovó Ninja",Family,5.2,21,96
696,"Vozvrashchenie popugaya Keshi",Family,4.2,59,93
697,"Sipi Pelle TV-starana",Family,6.3,9794,75
698,"The Silly Billies: Greatest Hits & Best Bits!",Family,6.3,9794,80
699,"The Sailing Movie",Family,6.3,9794,88
700,"Smotri na menya!",Family,5.7,70,120
701,"Super papa",Family,5.2,121,90
702,"Wolf Witch Giant Fairy",Family,6.3,9794,70
703,Sunny,Family,7.2,27,122
704,"Véletlenül írtam egy könyvet",Family,7.7,319,98
705,"Vindu Bhojanam",Family,7.2,54,103
706,"Stealing Church",Family,6.3,9794,39
707,"Stinky Summer",Family,5.6,51,90
708,"Smart Killer",Family,8.9,10,90
709,Skelly,Family,5.5,92,85
710,"Superpietonii Zurli",Family,3.2,48,90
711,"Singapore Saloon",Family,6,12000,137
712,"Wholesome Grove",Family,7,8,99
713,"We Believe",Family,3.5,14,90
714,Vishesham,Family,6.7,14000,136
715,Snooze,Family,6.3,9794,81
716,"Specialty Acts of Long Ago",Family,6.3,9794,68
717,"When the World Met Miss Probinsyana",Family,9.5,43,155
718,"Spirit of Friendship",Family,4.2,76,85
719,Vikaasaparva,Family,8.5,541,134
720,"Incident at Panther Hills: Bigfoot's Return","Family, Fantasy",6.3,19588,58
721,Ognivo,"Family, Fantasy",5.5,452,105
722,"Robin and the Hoods","Family, Fantasy",4.3,1024,100
723,"Baba Yaga spasaet Novyy god","Family, Fantasy",4.4,232,99
724,"School of Magical Animals 3","Family, Fantasy",5.8,630,105
725,Woodwalkers,"Family, Fantasy",5.3,872,103
726,"The Magician's Raincoat","Family, Fantasy",5.5,212,90
727,"Woof Woof Daddy","Family, Fantasy",6.4,84,105
728,"Planet 7693","Family, Fantasy",7.6,140,110
729,"Letuchiy korabl","Family, Fantasy",3.8,596,100
730,"Chhota Bheem and the Curse of Damyaan","Family, Fantasy",4.8,46000,145
731,"Princezna na hrásku","Family, Fantasy",5.6,126,80
732,"Man and Witch: The Dance of a Thousand Steps","Family, Fantasy",5.5,664,94
733,"Wedding Diaries","Family, Fantasy",8.9,4000,121
734,"RB&O Live: Alice's Adventures in Wonderland","Family, Fantasy",6.3,19588,205
735,"Vasilisa i khraniteli vremeni","Family, Fantasy",3.1,136,98
736,"Descendants: The Rise of Red","Family, Fantasy",4.7,14000,91
737,"Bremenskie muzykanty","Family, Fantasy",4.6,1342,115
738,"Santa's Chimney of Secrets","Family, Fantasy",4.6,46,66
739,"Domovyonok Kuzya","Family, Fantasy",6.5,1642,90
740,Carol,"Family, Fantasy",8.3,94,115
741,Nebesko,"Family, Fantasy, History",5.2,30,73
742,"The Hay Man","Family, Fantasy, Sci-Fi",6.3,29382,74
743,"The Thundermans Return","Family, Fantasy, Sci-Fi",5,54000,70
744,"Sonic the Hedgehog 3","Family, Fantasy, Sci-Fi",6.9,177000,110
745,"The Secret of Pin-Up Island","Family, Fantasy, Sci-Fi",7.4,276,107
746,"Christian Growth Through Hymns","Family, History",6.3,19588,50
747,"Destiny or Will. Marusia","Family, History",8.9,34,90
748,"Iyunskaya polyn","Family, History",8.5,12,79
749,"Manyunya. Priklyucheniya v derevne","Family, History",5.8,242,84
750,"Tayna Chyornoy Ruki","Family, History",5.7,46,84
751,"Bibi Rajni","Family, History",8.5,1446,143
752,Obraz,"Family, History",7.6,34,95
753,"Manyunya. Priklyucheniya v Moskve","Family, History",5.8,222,87
754,"Going Viral","Family, Sci-Fi",6.9,106,90
755,"Heavens: The Boy and His Robot","Family, Sci-Fi",6.3,44,98
756,"Guest from the Future","Family, Sci-Fi",6,24000,141
757,"Piraty galaktiki Barrakuda","Family, Sci-Fi",4.5,164,92
758,"Peas and Carrots","Family, Sci-Fi",6.3,19588,96
759,"Achilles Curse and the Curse of Treasure",Fantasy,7.4,25,125
760,"Touken Ranbu Kai: Douden Chikashi Haberau Monora",Fantasy,6.3,9794,69
761,"The Vord",Fantasy,3.4,65,101
762,"Abaixo das Árvores",Fantasy,6.3,9794,70
763,"La Piñata de Marcel",Fantasy,9.2,9,90
764,"La Lengua Desnuda",Fantasy,4.1,9,90
765,UnichtoZhanna,Fantasy,3.3,51,98
766,"A Song from the Dark",Fantasy,4.8,22000,105
767,Keo=peul-ji-ok,Fantasy,5.3,7,94
768,"A Trip Elsewhere",Fantasy,5.5,102,93
769,"Vampire Genesis",Fantasy,4.4,36,105
770,A.R.M,Fantasy,7.1,87000,150
771,"King Baby",Fantasy,7,26,88
772,"Katu Pootha Malay",Fantasy,6.3,9794,72
773,"Fenómenos naturales",Fantasy,7.2,30,80
774,Advent,Fantasy,7.5,6,119
775,Libélula,Fantasy,6.3,9794,90
776,"Adopt me All hallows Eve II",Fantasy,6.3,9794,90
777,"Entre Paris et Leuven",Fantasy,6.3,9794,107
778,"Letters at Christmas",Fantasy,3.7,173,84
779,"Let the Moon Be My Moon",Fantasy,6.3,9794,75
780,"The Wager",Fantasy,6.3,9794,83
781,"Les Écorchés - Partie 1",Fantasy,6.3,9794,110
782,"Les tempêtes",Fantasy,5.7,21,84
783,"Lerainzer and Fail",Fantasy,6.3,9794,124
784,"Legend of the Dead",Fantasy,6.3,9794,74
785,Leatherbound,Fantasy,8,8,90
786,Gangsta,Fantasy,6.3,9794,64
787,"Turma da Mônica Jovem: Reflexos do Medo",Fantasy,2.8,258,88
788,"Le discours des songes",Fantasy,6.3,9794,70
789,"The Tearsmith",Fantasy,5.2,12000,103
790,"The Time Travel Hills",Fantasy,5.4,72,82
791,"Exile: Director's Cut",Fantasy,6.3,9794,90
792,Aalan,Fantasy,5.5,11000,137
793,"The Seed",Fantasy,6.3,9794,100
794,"Code Duello: From the Tithebanner Saga",Fantasy,8.9,339,61
795,"Gato Galactico e o Feitiço do Tempo",Fantasy,7.7,69,85
796,"Tara - The Lost Star",Fantasy,9.6,11,90
797,"Rainbow World: The Movie",Fantasy,6.3,9794,92
798,"Confessions of Darkness",Fantasy,7.2,14,90
799,"Oshi no Ko: The Final Act",Fantasy,6.8,128,129
800,"Painted Skin",Fantasy,6.9,53,80
801,Cageling,Fantasy,5.9,8,69
802,PJ,Fantasy,6.3,9794,108
803,"Couple in the Woods",Fantasy,5.6,31,65
804,"Biography of Meng Po",Fantasy,6.3,9794,76
805,"The Slave and the Sorcerer",Fantasy,6.7,40,86
806,Avaidh,Fantasy,9,5,90
807,"Sihirli Ormana Yolculuk",Fantasy,6.3,9794,80
808,Damsel,Fantasy,6.1,110000,110
809,Corpórea,Fantasy,5.3,7,90
810,"The Traveller",Fantasy,5.2,208,134
811,"Krapiva: Tsvetok smerti",Fantasy,6.1,56,81
812,"Girl Haunts Boy",Fantasy,6.3,3000,100
813,"Una ballena",Fantasy,6.1,76,108
814,"Kuttante Shinigami",Fantasy,6.3,9794,112
815,Ghouroub,Fantasy,6.3,9794,65
816,"Universal Groove",Fantasy,5.5,170,74
817,"Kyle and the Last Emerald",Fantasy,5.5,18,20
818,"The Woods Are Real",Fantasy,2.4,459,80
819,"Un trago de infierno",Fantasy,6.3,9794,90
820,"Un cuento de pescadores",Fantasy,7.1,40,103
821,"Monster Summer",Fantasy,5.7,37000,97
822,"Lucid Love",Fantasy,8.6,30,71
823,Supersiostry,Fantasy,3.9,135,90
824,"Malaikottai Vaaliban",Fantasy,6,41000,156
825,"Last Song for You",Fantasy,7.3,94,106
826,Wicked,Fantasy,7.5,157000,160
827,"Fidil Ghorm",Fantasy,7.8,7,86
828,Grown,Fantasy,6.3,9794,76
829,"A Grey Night",Fantasy,6.3,9794,56
830,Wanderer,Fantasy,7,9,46
831,"The Red Admiral",Fantasy,6.3,9794,62
832,Warchief,Fantasy,2.5,608,94
833,"A Dog's Will 2",Fantasy,6.2,3000,104
834,Journey,Fantasy,6.3,9794,70
835,"Gypsy Moon",Fantasy,4.9,20,90
836,"Joachim and the Apocalypse",Fantasy,7.2,13,90
837,Hagen,Fantasy,6,12000,139
838,"Lyrical Protege: Corp World VS Artist World Vol 1",Fantasy,6.3,9794,63
839,"We Work for the Dead",Fantasy,6.6,510,84
840,"Jack Hardy's Guide to Blackjack",Fantasy,6.3,9794,90
841,JAPA,Fantasy,7.7,16,110
842,Hanami,Fantasy,6.8,102,96
843,"White Cobra Diamond Fox vs the Golden Eye",Fantasy,5,25,90
844,"Wicked Season",Fantasy,5.4,35,90
845,"The Witch: Revenge",Fantasy,5.3,824,100
846,"Suseteer: The Movie",Fantasy,6.3,9794,100
847,"Empire Queen: The Golden Age of Magic",Fantasy,3.2,204,148
848,"Fatal Expedition",Fantasy,3.9,24,90
849,Mephisto,Fantasy,5.4,62,108
850,"The Wizard Prince",Fantasy,6.3,9794,59
851,Kajolrekha,Fantasy,6.3,177,156
852,"The Wicklow's Witches",Fantasy,6.3,9794,45
853,"The Sleeping Woman",Fantasy,5.2,569,110
854,"Markus Bixby",Fantasy,6.3,9794,65
855,"Two Breaths",Fantasy,8.2,22,18
856,"Enchanting Christmas",Fantasy,6.3,354,91
857,"Irish Wish",Fantasy,5.2,21000,93
858,"Hanu Man",Fantasy,7.7,29000,158
859,"The Wonderful Story of Henry Sugar and Three More",Fantasy,7.1,68000,88
860,"The Moon Asks for Help",Fantasy,6.3,9794,96
861,"Línguas de Fogo",Fantasy,6.3,9794,69
862,Kanguva,Fantasy,4.5,15000,152
863,Vertical,Fantasy,5.2,133,111
864,"Vidente por Acidente",Fantasy,4.9,74,93
865,Videotheque,Fantasy,6.2,102,112
866,Vincent,Fantasy,7.3,50,92
867,"Witch Hunter",Fantasy,5.3,24,80
868,"Witches of God",Fantasy,7.6,16,73
869,"Witchy Ways",Fantasy,6.5,38,90
870,Intercambiadas,Fantasy,6.4,56,97
871,"The Watchers",Fantasy,5.7,57000,102
872,"He's Not Pretty",Fantasy,6.3,9794,64
873,"Heart Brakers",Fantasy,8.4,6,90
874,"Xiao zi",Fantasy,3.5,12,101
875,"Xin Long Men Ke Zhan",Fantasy,3.2,5,90
876,"Yao Shen Ling",Fantasy,6.7,66,93
877,"Il ladro di stelle cadenti",Fantasy,8.8,26,90
878,"Hero Camp!",Fantasy,6.3,9794,76
879,"Hero Kid",Fantasy,6.3,9794,90
880,Exsulum,Fantasy,6.3,9794,58
881,"Harry Potter and the Stone",Fantasy,7.8,166,152
882,"Loch Ness Monster Captured",Fantasy,3.3,32,45
883,"The Way We Dream",Fantasy,6.3,9794,63
884,"The Watchers Roblox movie",Fantasy,6.3,9794,35
885,"Hot Frosty",Fantasy,5.3,15000,92
886,"Kan dao ling hun de na zhi yan shi gong",Fantasy,3.3,12,124
887,"10/31 Part 4",Fantasy,5.6,17,87
888,"Hiçbir Sey Normal Degil",Fantasy,5.9,73,71
889,"I Am Moon",Fantasy,8,9,127
890,"11.11.18 Soldat Inconnu",Fantasy,6.3,9794,78
891,"Young Love",Fantasy,8.1,10,90
892,IZLIYORLAR,Fantasy,7.2,29,113
893,"Ienai Himitsu",Fantasy,6.8,66,115
894,"Hold Me Close",Fantasy,7.4,12,98
895,Paralokam,Fantasy,6.3,9794,101
896,Salomé,Fantasy,6.6,6,115
897,"Maya Puthagam",Fantasy,5.4,424,122
898,"Dracu Ra",Fantasy,5.5,38,106
899,"Dragen og de 5 elementer",Fantasy,6.3,9794,260
900,"Dragon Gate Inn",Fantasy,6.3,9794,90
901,"Mr. Squids",Fantasy,6.3,9794,66
902,"The Old Man and the Demon Sword",Fantasy,7.4,37,63
903,"The Sand Castle",Fantasy,4.7,17000,98
904,"Angels Fallen: Warriors of Peace",Fantasy,4.9,58000,103
905,"The Lost Elf on Christmas",Fantasy,7.2,16,90
906,"Ebenezer: The Traveler",Fantasy,3.5,145,102
907,"Mother Maker Lover Taker",Fantasy,5.9,34,99
908,Mortadella,Fantasy,8.4,6,90
909,"The Legend of the Cat Demon",Fantasy,4.8,12,85
910,"River of Ghosts",Fantasy,3,305,102
911,"The Killer Goldfish",Fantasy,6.3,9794,94
912,"Don Dukun",Fantasy,7,53,98
913,"Napoleon Street",Fantasy,6.3,9794,110
914,"The Opera!",Fantasy,7.1,76,106
915,Domovoy,Fantasy,4.3,289,102
916,"The Keepers of the 5 Kingdoms",Fantasy,4,219,109
917,"The Journey of Flower",Fantasy,3.9,26,97
918,"The Jester from Transylvania",Fantasy,4.8,37,102
919,"This Is Me... Now",Fantasy,4.1,71000,65
920,"Bodegón con fantasmas",Fantasy,6.5,159,88
921,"Sahmeran Efsanesi-Tulhan",Fantasy,6,34,90
922,Anxious.,Fantasy,6.3,9794,95
923,"All In",Fantasy,5.6,86,103
924,"The Heartsmith",Fantasy,9.6,43,95
925,"Mystic Odyssey",Fantasy,6.3,9794,144
926,"Na Ratunek Ksiezniczce!",Fantasy,6.3,9794,62
927,"Naag Bhoomi",Fantasy,5.7,8,130
928,"Apollon by Day Athena by Night",Fantasy,6.9,21,112
929,"Don't Cry, Butterfly",Fantasy,6.4,119,97
930,"My Future You",Fantasy,8.3,50,109
931,"Dr. Sander's Sleep Cure",Fantasy,7,855,98
932,"Bryson, the Demon Slayer",Fantasy,4.5,12,59
933,"The Supernatural Sweet Shop: The Movie",Fantasy,7.3,17,103
934,"The Process of Change",Fantasy,6.3,9794,41
935,"The Gesuidouz",Fantasy,6.8,57,93
936,Rita,Fantasy,5.8,272,107
937,"The Ghost of Annie Lee",Fantasy,6.3,9794,103
938,"Blue Christmas",Fantasy,5.6,21,79
939,"Family Pack",Fantasy,5.5,91000,94
940,Respati,Fantasy,5.8,293,112
941,"The Fisherman",Fantasy,7.2,44,105
942,"Seven Seas Seven Hills",Fantasy,8.7,89,90
943,"Seven Cemeteries",Fantasy,4.6,573,84
944,"The Crow",Fantasy,4.7,35000,111
945,Nosferatu,Fantasy,7.2,193000,132
946,"Fragments of Us",Fantasy,7.8,10,49
947,"Self Harm",Fantasy,6.3,9794,66
948,Nonostante,Fantasy,6,160,93
949,Schneewittchen,Fantasy,4.8,7,70
950,"Doors. Hotel Mystery",Fantasy,6.3,9794,90
951,"Saint Young Men: Holy Men vs Demon Army",Fantasy,3,14,93
952,"Devil's Knight",Fantasy,5.2,896,90
953,Apokrif,Fantasy,8.7,20,64
954,"River Returns",Fantasy,6.8,17,109
955,"Noaptea lui Vlad",Fantasy,7.8,51,90
956,"The Last Night in the Life of Death",Fantasy,8.2,6,90
957,"The Yin Yang Master Zero",Fantasy,5.7,275,112
958,Nijari,Fantasy,6.3,9794,106
959,"Demon Host",Fantasy,6.4,20,80
960,"The Eternal Footman",Fantasy,6.3,9794,100
961,Ella,Fantasy,9.2,65,91
962,"Love, Danielle",Fantasy,8.9,40,79
963,"Dear Santa",Fantasy,5.4,19000,107
964,"The Evil Fairy Queen",Fantasy,5.4,51,90
965,"The Sisters",Fantasy,4.7,151,122
966,"Samaya bolshaya luna",Fantasy,2.4,128,105
967,"Sharma & Ambani",Fantasy,9.1,183,104
968,"Better Man",Fantasy,7.6,27000,135
969,"Pita's adventures",Fantasy,6.3,9794,62
970,"Casa de Novia",Fantasy,6.3,9794,110
971,"Snake Skin Beauty",Fantasy,4.1,19,83
972,"Steve's World",Fantasy,6.3,9794,55
973,"Bezumnyy angel Pinokkio",Fantasy,6.3,9794,255
974,"PinkCity: A Psychedelic Meditation",Fantasy,6.3,9794,95
975,"Beetlejuice Beetlejuice",Fantasy,6.6,147000,105
976,"Black Dragon",Fantasy,3.9,9,99
977,"And Through the Portal We Go",Fantasy,6.8,11,83
978,"Sureshinteyum Sumalathayudeyum Hridayahariyaya Pranayakatha",Fantasy,5.9,84,138
979,"The American Society of Magical Negroes",Fantasy,3.7,12000,104
980,"Ooru Peru Bhairavakona",Fantasy,5.7,17000,133
981,"The Balconettes",Fantasy,6.1,922,104
982,"Once Upon a Christmas Wish",Fantasy,6.1,321,90
983,"The Ballad of Hortensia",Fantasy,6.7,129,94
984,"The Beads",Fantasy,6.6,13,100
985,Parthenope,Fantasy,6.6,12000,137
986,"Chantal in Fairyland",Fantasy,4.6,26000,118
987,Nyctophobia,Fantasy,7.5,18000,90
988,"Red One",Fantasy,6.3,140000,123
989,"Asher and Ruth",Fantasy,6.3,9794,63
990,"Assassin's Guild",Fantasy,3.6,118,103
991,"Beast of Two Worlds",Fantasy,7,25,90
992,"The Brothers Grimm: American Folktales",Fantasy,6.3,6,90
993,"Dave Gentic & Headgun",Fantasy,6.3,9794,57
994,"Fallen Leaves, Broken Lighters",Fantasy,7.7,7,96
995,"The Best Christmas Pageant Ever",Fantasy,6.8,61000,99
996,"The Alpha Kings Wolfless Luna",Fantasy,7.8,10,90
997,"Darker Than Night",Fantasy,4.7,24,82
998,"Dark Suns II - Binary Sunset",Fantasy,6.3,9794,45
999,"The Seductress from Hell",Fantasy,6.7,18,102
1000,"My genie: secret wishes",Fantasy,6.3,9794,90
